<?xml version="1.0"?>
<psalm
    phpVersion="8.1"
    errorLevel="5"
    xmlns:xsi="http://www.w3.org/2001/XMLSchema-instance"
    xmlns="https://getpsalm.org/schema/config"
    xsi:schemaLocation="https://getpsalm.org/schema/config vendor/vimeo/psalm/config.xsd"
    useDocblockTypes="false"
    useDocblockPropertyTypes="false"
    findUnusedBaselineEntry="true"
    findUnusedCode="false"
>
    <projectFiles>
        <directory name="src"/>
        <directory name="stubs"/>
        <ignoreFiles>
            <directory name="vendor"/>
        </ignoreFiles>
    </projectFiles>
    <issueHandlers>
        <UndefinedMagicMethod errorLevel="suppress" />
        <MissingTemplateParam errorLevel="suppress" />
        <InvalidTemplateParam errorLevel="suppress" />
        <MissingOverrideAttribute errorLevel="suppress" />
        <UndefinedThisPropertyFetch errorLevel="suppress" />
        <UndefinedClass>
            <errorLevel type="suppress">
                <referencedClass name="Laravel\Octane\Events\RequestReceived" />
            </errorLevel>
        </UndefinedClass>
    </issueHandlers>
</psalm>
